{
    "Player": {
        "ArmL Translation": [
            0.800000011920929,
            1.0,
            0.0
        ],
        "ArmR Translation": [
            -0.800000011920929,
            1.0,
            0.0
        ],
        "floatingAmplitude": 0.10000000149011612,
        "floatingCycle": 60
    }
}
